siwnose --> Zione
upechrens --> upechrens
seconahand --> seconahand
riatla --> Riatla
shopasave --> shopasave
pharmaca --> Pharmaca
mancinis --> Mancinus
pizzaalapiedba --> pizzaalapiedba
openzahrs --> openzahrs
canatinaees --> canatinaees
haicuts --> haircuts
vicrcn --> vicrcn
watersiones --> watersiones
imnlos --> imnlos
ornaron --> They ornon
stylecuts --> stylecuts
sz50 --> sz50
colorfest --> colorfest
mitka --> mark
mlecine --> mlecine
phakiviacy --> phakiviacy
barbersho --> barbershop
drogerie --> drugstore
qcbgn --> qcbgn
rourzane --> Rozer
jewelryeloan --> jewelryeloan
ptpzera --> ptpzera
aiscnts --> aiscnts
c2008 --> c2008
uninvnd --> uninvnd
gloryprod --> gloryprod
simcarre --> simcarre
checsecake --> cheesecake
eautsupply --> eautsupply
tradmonal --> tradmonal
mickeres --> mickeres
ptzzanero --> ptzzanero
5507 --> 5507
tvvcrs --> tvvcrs
5514 --> 5514
shopwash --> shopwash
nutchacted --> nutchacted
wwwapplemm --> wwwapplemm
teakhouse --> teakhouse
lonchorn --> lonchorn
wintermans --> wintermans
redewhite --> redewhite
sutcetamine --> sutcetamine
kahjstab --> puzzles
nlneste --> it is
suntselanine --> suntselanine
mossronc --> mossronc
usslanog --> Swear
leclenacl --> leclenacl
porenetts --> poretets
jeanigon --> Jare 2 words
fimaslidd --> mimaslidd
dngtotanlicig --> Dngtotanlicig
ososericoen --> ososericoen
chutneysesisns --> chutneysesisns
0110112005 --> 0110112005
ddoecble --> ddoecble
sunalananwons --> sunalananwons
ilallwora --> Ilallwora
eeuillul --> eeuillul
sonecuna --> SONCUNA
mcnarienoore --> mcnarienoore
2126149794 --> 2126149794
meatal --> metal
shakestcane --> shakestcane
hiodleon --> hydro
getouthudsoncom --> getouthudsoncom
4514 --> 4514
umeiauing --> mkiaaiedng
fecsanu --> they would make
dynia --> pumpkin
ovisionthingg --> ovisionthingg
borderscouk --> borderscouk
darultes --> darultes
hurdtar --> Hurtar
rwnshr --> rwnshr
rscaawoy --> rscaawoy
piscaitaway --> piscataway
wwwfantongcom --> wwwfantongcom
ixlnti --> smooth
49698a9 --> 49698 AR
meakhouse --> meakhouse
blueberny --> blueberny
organicllow --> organicllow
choclaelols --> choclaelols
s280 --> S280
motoritor --> motoritor
s200 --> s200
nrncedschol --> nrncedschol
plarmymedicing --> plarmymedicing
imlomler --> imlomler
cowteolied --> cowteolied
pharnac --> pharnac
difflam --> deflection
codraldatimenightimn --> codraldatimenightimn
saiellmen --> Sayiellmen
phamacie --> pharmate
calhedbale --> Calhedbale
herboristerie --> herbalism
preafrumoa --> PROFRUMOA
wunesbeer --> wunesbeer
dilzeria --> Dilzeria
uloonlleg --> uloonlleg
sanfrangisco --> San Frangisco
ducimles --> ducimles
prieelet --> arbor
fortmovie --> fortmovie
8522900 --> 8522900
piatliay --> piatliay
mancarot --> mancarot
2661284 --> 2661284
migouma --> Dictionary
sudnserwice --> sudnserwice
mofesswl --> mofesswl
joitmate --> somehow
tidningar --> Newspapers
countrystored --> countrystored
farwestl --> farwestl
9120b --> 9120 b
ndamiieg --> ndamiieg
5031 --> 5031
osteo --> osteo
cloamers --> cloamers
pressmic --> pressmic
lainory --> lainory
roscbud --> Roscbud
nastsire --> NASIRE
beacisior --> beacisior
budweises --> budweises
baokshe --> baokshe
2007104118 --> 2007104118
tcetstoralle --> tcetstoralle
2124316560 --> 2124316560
undervorld --> underworld
eamgirls --> eamgirls
evicnittin --> evicnittin
etropoltanae --> Etropoptanaya
ledcld --> ledcld
teosonlo --> teosonlo
ciagett --> Ciagett
skcoboox --> skcoboox
conloob --> Hary
tearworn --> tearworn
staliice --> Staliic
ecka --> ecka
dblumer --> dblumer
ilmthealer --> ilmthealer
149960 --> 149960
apizza --> apizza
phiappa --> Phiappa
cleansleeves --> cleansleeves
markhebden --> markhebden
211156 --> 211156
dehkzo --> dehkzo
2621379 --> 2621379
aveaicorner --> aveaicorner
motomicien --> motorcycician
woaeaona --> be
skateboars --> skateboard
haeaerican --> haeaerican
yesterland --> yesterland
piceasl --> piceasl
csphane --> csphane
assmans --> assmans
26s0 --> 26s0
maalilden --> paint
divgaill --> divgaill
yemekler --> meals
talaane --> around
izgana --> rushed
shoaala --> Shawwal
filmfestearly --> filmfestearly
guilfuand --> guilfuand
nalloween --> nalloween
publicisinyited --> publicisinyited
desplainess --> desplainess
8477598025 --> 8477598025
16815 --> 16815
catsburg --> catsburg
tradiceaision --> tradiceaision
6116 --> 6116
aceseook --> aceseook
cowelee --> cowelee
computerstore --> computerstore
obsooo --> obsooo
alenina --> to be bought
125as677ogsl --> 125 scattered
mionsells --> mionsells
tenheen --> Tenheen
mautern --> mautern
drycleaner --> drycleaner
oudensours --> oudensours
hycuppa --> hycuppa
ycuppacofier --> ycuppacofier
annisco --> per year
blueribbon --> blueribbon
zzodys --> zzodys
ontoweneon --> ontoweneon
aaeaiiiseas --> aaeaiiiseas
8z2ise8 --> 8Z2Iise8
balaga --> maturity
salcoties --> salcoties
catiche --> catches
ensdtiana --> Ensdity
kazzmnatazze --> kazzmnatazze
tinaselton --> tinaselton
znvaan --> znva
dnccnes --> dnccnes
swiniinuisns --> swiininuisns
14a2 --> 14A
triahtea --> Triabtea
qualiven --> quality
lipookds --> lipookds
41497 --> 41497
ndbyreally --> ndbyreally
zalatwic --> zalatwic
steakkiouse --> steakkiouse
addyman --> addyman
nsecake --> nsecake
piaheiahouse --> piaheiahouse
chubbypanda --> chubbypanda
dofoneor --> dofoneor
buentwood --> buentwood
wntnige --> wntnige
inbyiooutey --> inbyiooutey
ntrahialicialph --> ntrahialicialph
blogspotcom --> blogspotcom
khaenes --> khaenes
heelssos --> Heelssos
sos01 --> sos01
glasscgl --> glasscgl
whileyon --> Whillionon
cifaners --> cifaners
patnshop --> patnshop
21000io --> 21000io
21000 --> 21000
210000 --> 210000
festanant --> Festanant
ttnva --> ttnva
7130 --> 7130
12150 --> 12150
a830 --> A830
9130 --> 9130
9440 --> 9440
mptuz --> mptuz
srcnc --> srcnc
unimpex --> unimpex
62415747660 --> 62415747660
ononenoonl --> ononenoonl
20uf --> 20uf
5575m --> Lavish
0613012007 --> 0613012007
oympnic --> oympnic
outbackc --> outbackc
remcraber --> remcraber
stimorol --> Skimorol
37605822 --> 37605822
kwlanshy --> kwlanshy
wereveroeeloe --> world
suedeleathes --> suedlethenes
roccbiut --> roccbiut
resebud --> Resebud
ognvolan --> ognvolan
hierbouwt --> hereby
strionid --> striped
coffechouse --> coffechouse
fargonian --> fargonian
cholshull --> cholshull
heinekel --> Heineken
kkiask --> kkiask
elcqeet --> elcqeet
4646605 --> 4646605
ocictly --> ocictly
coloetv --> coloetv
maeboan --> maebo
wasanss --> sites
longhory --> longhory
unavliele --> unavliele
pecuan --> Pecuan
vult --> fills
fferyllfa --> pharmacy
onesacolorty --> onesacolorty
talosans --> talosans
dryshl --> dryshl
oumpla --> Umbla
roesuss --> roesuss
vecuvo --> Vecuvo
tahuie --> He will be hungry
atoretie --> dentire
curfathers --> curfathers
steanlouse --> steanlouse
biereetfut --> biereetfut
nagmedical --> nagmedical
2064600 --> 2064600
hatingden --> hatingden
dugeic --> dugeic
opengniglours --> opengniglours
smoohss --> smoohss
roconln --> roconln
plichls --> plichls
8376 --> 8376
7879 --> 7879
aceaners --> aceaners
luckenbacx --> luckenbacx
sannoner --> sannoner
oronitctral --> oronitctral
iraneors --> iraneors
crcsico --> crcsic
atonementstarisan --> atonementstarisan
neforfigh --> neforfigh
ploylie --> ploylie
checautoen --> check -out
isacedilaelns --> isacedilaelns
unreavuns --> unreavuns
melyilles --> melyilles
jeanpierre --> Jean Pierre
rustiquesetde --> RustiqueSetDe
stiouesetde --> stiousete
undah --> cast
ccrarn --> ccrarn
tceacconsts --> tceacconsts
caeumph --> caeumph
conustoees --> conustoees
ccruaub --> ccruaub
scagians --> scagians
gase --> gase
08001121 --> 08001121
freenbosstarz --> freenbosstarz
clarinbridge --> clarinbridge
empewo --> wind
tocnals --> tochnals
8151779 --> 8151779
alonsols --> allonol
alonsos --> Alonsos
theplazatheatreicom --> theplazatheatreicom
rtoroug --> rtoroug
linoszoo --> linoso
baidinger --> baidinger
aheralions --> aheralions
zaseagle --> zaseagle
storeeco --> storeeco
vaisbueres --> vauling
hodntn --> Hodntn
chunonpawn --> fork
ihrspecia --> ihrspecia
ihedrad --> Beam
aailablehere --> aailablehere
molorcrafl --> molorcrafl
pharmady --> pharmacy
puarmacy --> pharmacy
kingswns --> kingswns
msciane --> MOSIAN
faundewes --> faundewes
soaceam --> soaceam
cornaron --> cornaron
10233 --> 10233
stearclous --> stearclous
amenicatne --> amenicatne
larlbord --> larlbord
marlhord --> marlhord
marlbord --> marlbord
marhoro --> marhoro
marlhoro --> marlhoro
ojoquiew --> ojoquiew
ojoglen --> ojoglen
cabelereiro --> hairdresser
powabook --> powabook
ediclies --> ediclies
lansucs --> lansucs
meitroptng --> mitropdng
meitropliang --> meitropliang
ipharmacy --> ipharmacy
lrdurn --> lrdurn
3zz7 --> Reinforce
anscneann --> The sanctuary
z005 --> Z005
maceily --> maceily
biyba --> Graduate
shtolush --> ash
o2fjtsn --> o2fjtsn
5573 --> 5573
45780 --> 45780
39980 --> 39980
ceapoir --> Cappozer
szsbbtz --> lord
llianstolee --> llianstolee
prorcmacy --> prorcmacy
donttenns --> donttenns
rompateshoes --> rompateshoes
warnirse --> warnirse
abisnoaon --> abishnaon
4516 --> 4516
8021 --> 8021
chantilli --> chantilli
bicochos --> bizcochos
bizcochos --> Biscuits
tnelints --> tnelints
wganesia --> wganesia
bakersfelds --> bakersfelds
medusas --> jellyfish
071660 --> 071660
wixaoz --> WIXAOZ
tostador --> roaster
pidjass --> pidjass
phuradtbe --> phuradtbe
bundwirh --> bundwirh
tocontis --> tocontis
5272924 --> 5272924
alwaysesr --> alwaysesr
0182 --> 0182
7384 --> 7384
200t7 --> 200 p
cuitrera --> Cuitrera
cornelliers --> cornelliers
12600 --> 12600
centsihour --> It will fuse
nigifals --> Nigifols
340651 --> 340651
mocingord --> mocingord
wersmoves --> wersmoves
diningcebulcom --> diningcebulcom
srcguy --> srcguy
coagula --> coagulate
ocacola --> Coca Cola
cvsiphamacy --> cvs pharmacy
unnteolzing --> Unnteolzing
imentagoods --> imentagoods
kerseys --> kerseys
dditnen --> dditnen
elcioty --> elciot
giorglens --> giorglens
stoeacut --> stoeacut
odchathaconn --> ODChatican
ipstsm --> ipstsm
roricoy --> roricoy
ouickcash --> ouickcash
92tba --> Entirely
apotheke --> pharmacy
shopicine --> shopicine
funcaiove --> Funcaiove
izamales --> izes
8103 --> 8103
2515922 --> 2515922
5608 --> 5608
getouithudsoncom --> getouithudsoncom
siwnose --> Zione
pachirisuss --> onrisiss
upechrens --> upechrens
seconahand --> seconahand
riatla --> Riatla
shopasave --> shopasave
mancinis --> Mancinus
openzahrs --> openzahrs
haicuts --> haircuts
canatinaees --> canatinaees
watersiones --> watersiones
vicrcn --> vicrcn
imnlos --> imnlos
ornaron --> They ornon
nobohont --> and Bohont
sz50 --> sz50
stylecuts --> stylecuts
colorfest --> colorfest
mlecine --> mlecine
phakiviacy --> phakiviacy
barbersho --> barbershop
drogerie --> drugstore
qcbgn --> qcbgn
rourzane --> Rozer
jewelryeloan --> jewelryeloan
aiscnts --> aiscnts
ptpzera --> ptpzera
c2008 --> c2008
uninvnd --> uninvnd
gloryprod --> gloryprod
horonhearsamho --> horonhearsamho
simcarre --> simcarre
checsecake --> cheesecake
eautsupply --> eautsupply
tradmonal --> tradmonal
mickeres --> mickeres
ptzzanero --> ptzzanero
5507 --> 5507
tvvcrs --> tvvcrs
5514 --> 5514
shopwash --> shopwash
nutchacted --> nutchacted
wwwapplemm --> wwwapplemm
oenono --> Ending
raoutons --> trunks
efd1465 --> EFD1465
solantal --> Solantal
lonchorn --> lonchorn
teakhouse --> teakhouse
nlneste --> it is
suntselanine --> suntselanine
wintermans --> wintermans
redewhite --> redewhite
sutcetamine --> sutcetamine
mossronc --> mossronc
leclenacl --> leclenacl
porenetts --> poretets
jeanigon --> Jare 2 words
dngtotanlicig --> Dngtotanlicig
ososericoen --> ososericoen
chutneysesisns --> chutneysesisns
0110112005 --> 0110112005
ddoecble --> ddoecble
sunalananwons --> sunalananwons
angio --> angio
sonecuna --> SONCUNA
eeuillul --> eeuillul
mcnarienoore --> mcnarienoore
2126149794 --> 2126149794
meatal --> metal
antuouartan --> Inter
shakestcane --> shakestcane
hiodleon --> hydro
getouthudsoncom --> getouthudsoncom
4514 --> 4514
umeiauing --> mkiaaiedng
ovisionthingg --> ovisionthingg
borderscouk --> borderscouk
darultes --> darultes
seaupien --> seaup
hurdtar --> Hurtar
rwnshr --> rwnshr
rscaawoy --> rscaawoy
piscaitaway --> piscataway
ixlnti --> smooth
wwwfantongcom --> wwwfantongcom
49698a9 --> 49698 AR
meakhouse --> meakhouse
choclaelols --> choclaelols
blueberny --> blueberny
organicllow --> organicllow
s280 --> S280
motoritor --> motoritor
s200 --> s200
nrncedschol --> nrncedschol
anleonghin --> Anleong
pharnac --> pharnac
codraldatimenightimn --> codraldatimenightimn
cowteolied --> cowteolied
imlomler --> imlomler
plarmymedicing --> plarmymedicing
nichume --> flourish
parmacomeicine --> Parmacomicine
saiellmen --> Sayiellmen
dietetique --> dietetic
wunesbeer --> wunesbeer
dilzeria --> Dilzeria
uloonlleg --> uloonlleg
sanfrangisco --> San Frangisco
ducimles --> ducimles
fortmovie --> fortmovie
truiyen --> Troen
8522900 --> 8522900
shanghal --> Shanghal
piatliay --> piatliay
mancarot --> mancarot
2661284 --> 2661284
zistmav --> Zastmav
migouma --> Dictionary
sudnserwice --> sudnserwice
mofesswl --> mofesswl
joitmate --> somehow
etshas --> Etshas
hooaten --> hooates
tidningar --> Newspapers
ramastobak --> Ramastoba
farwestl --> farwestl
countrystored --> countrystored
ndamiieg --> ndamiieg
5031 --> 5031
osteo --> osteo
cloamers --> cloamers
lainory --> lainory
pressmic --> pressmic
roscbud --> Roscbud
nastsire --> NASIRE
beacisior --> beacisior
budweises --> budweises
baokshe --> baokshe
2007104118 --> 2007104118
rekcla --> recruit
tcetstoralle --> tcetstoralle
oaobolos --> oaoboli
2124316560 --> 2124316560
undervorld --> underworld
eamgirls --> eamgirls
dakdek --> roof deck
evicnittin --> evicnittin
seancoesil --> Seancoesil
teosonlo --> teosonlo
ledcld --> ledcld
skcoboox --> skcoboox
tearworn --> tearworn
ecka --> ecka
dblumer --> dblumer
ilmthealer --> ilmthealer
apizza --> apizza
149960 --> 149960
cleansleeves --> cleansleeves
markhebden --> markhebden
32zua7 --> Mourning
fearhithea --> Manitaea
211156 --> 211156
dehkzo --> dehkzo
2621379 --> 2621379
aveaicorner --> aveaicorner
motomicien --> motorcycician
sohnoos --> sohnosis
skateboars --> skateboard
haeaerican --> haeaerican
yesterland --> yesterland
csphane --> csphane
piceasl --> piceasl
nesauan --> approach
assmans --> assmans
26s0 --> 26s0
talaane --> around
divgaill --> divgaill
filmfestearly --> filmfestearly
guilfuand --> guilfuand
chishoem --> a chrodle
nalloween --> nalloween
publicisinyited --> publicisinyited
desplainess --> desplainess
8477598025 --> 8477598025
16815 --> 16815
catsburg --> catsburg
6116 --> 6116
rsgsidi --> RSGSIDI
tradiceaision --> tradiceaision
aceseook --> aceseook
cowelee --> cowelee
computerstore --> computerstore
obsooo --> obsooo
alenina --> to be bought
125as677ogsl --> 125 scattered
mionsells --> mionsells
pueluon --> Park Euna
mautern --> mautern
drycleaner --> drycleaner
oudensours --> oudensours
hycuppa --> hycuppa
ycuppacofier --> ycuppacofier
bisip6 --> Bisip 6
blueribbon --> blueribbon
oitanan --> I kept it
nelitry --> NELITRIES
zzodys --> zzodys
ontoweneon --> ontoweneon
balaga --> maturity
salcoties --> salcoties
kazzmnatazze --> kazzmnatazze
ensdtiana --> Ensdity
tinaselton --> tinaselton
unoanoow --> uoooow
dnccnes --> dnccnes
14a2 --> 14A
leaicane --> LEAICAN
triahtea --> Triabtea
qualiven --> quality
41497 --> 41497
lipookds --> lipookds
pipiroa --> pepperoa
brascririons --> Brascririons
zalatwic --> zalatwic
ndbyreally --> ndbyreally
steakkiouse --> steakkiouse
addyman --> addyman
nsecake --> nsecake
conchiglia --> shell
piaheiahouse --> piaheiahouse
chubbypanda --> chubbypanda
dofoneor --> dofoneor
mashyoga --> MASHYOGA
buentwood --> buentwood
inbyiooutey --> inbyiooutey
blogspotcom --> blogspotcom
ntrahialicialph --> ntrahialicialph
sos01 --> sos01
glasscgl --> glasscgl
khaenes --> khaenes
cifaners --> cifaners
21000io --> 21000io
21000 --> 21000
patnshop --> patnshop
210000 --> 210000
festanant --> Festanant
ttnva --> ttnva
12150 --> 12150
9130 --> 9130
9440 --> 9440
7130 --> 7130
mptuz --> mptuz
srcnc --> srcnc
62415747660 --> 62415747660
unimpex --> unimpex
ononenoonl --> ononenoonl
20uf --> 20uf
5575m --> Lavish
0613012007 --> 0613012007
ainedra --> entire
oympnic --> oympnic
outbackc --> outbackc
remcraber --> remcraber
37605822 --> 37605822
kwlanshy --> kwlanshy
suedeleathes --> suedlethenes
roccbiut --> roccbiut
ognvolan --> ognvolan
hierbouwt --> hereby
hamburters --> Hamburter
coffechouse --> coffechouse
fargonian --> fargonian
oftauls --> partner
kkiask --> kkiask
elcqeet --> elcqeet
4646605 --> 4646605
ocictly --> ocictly
coloetv --> coloetv
longhory --> longhory
unavliele --> unavliele
pecuan --> Pecuan
onesacolorty --> onesacolorty
dryshl --> dryshl
talosans --> talosans
ndogarien --> is citizen
roesuss --> roesuss
tahuie --> He will be hungry
curfathers --> curfathers
lecuardo --> Lecuardo
antolnietie --> antolnietia
steanlouse --> steanlouse
biereetfut --> biereetfut
nagmedical --> nagmedical
2064600 --> 2064600
hatingden --> hatingden
dugeic --> dugeic
urinsdapers --> Urinsdapers
opengniglours --> opengniglours
smoohss --> smoohss
roconln --> roconln
trisgiuit --> trisgiuit
plichls --> plichls
8376 --> 8376
aceaners --> aceaners
7879 --> 7879
luckenbacx --> luckenbacx
oronitctral --> oronitctral
iraneors --> iraneors
sannoner --> sannoner
atonementstarisan --> atonementstarisan
neforfigh --> neforfigh
ormnisu --> Ormnis
unreavuns --> unreavuns
isacedilaelns --> isacedilaelns
ploylie --> ploylie
melyilles --> melyilles
stiouesetde --> stiousete
rustiquesetde --> RustiqueSetDe
tceacconsts --> tceacconsts
caeumph --> caeumph
undah --> cast
ccruaub --> ccruaub
conustoees --> conustoees
scagians --> scagians
xumidaned --> badly
gase --> gase
08001121 --> 08001121
freenbosstarz --> freenbosstarz
clarinbridge --> clarinbridge
alonsos --> Alonsos
8151779 --> 8151779
83opm --> Cloak
theplazatheatreicom --> theplazatheatreicom
rtoroug --> rtoroug
baidinger --> baidinger
aheralions --> aheralions
storeeco --> storeeco
zaseagle --> zaseagle
ihrspecia --> ihrspecia
aailablehere --> aailablehere
molorcrafl --> molorcrafl
pharmady --> pharmacy
puarmacy --> pharmacy
kingswns --> kingswns
faundewes --> faundewes
msciane --> MOSIAN
soaceam --> soaceam
cornaron --> cornaron
10233 --> 10233
stearclous --> stearclous
amenicatne --> amenicatne
larlboro --> larlboro
ojoglen --> ojoglen
marlhoro --> marlhoro
larlbord --> larlbord
ojoquiew --> ojoquiew
marlhord --> marlhord
marlbord --> marlbord
powabook --> powabook
ediclies --> ediclies
lansucs --> lansucs
meitropliang --> meitropliang
meitroptng --> mitropdng
ipharmacy --> ipharmacy
lrdurn --> lrdurn
z005 --> Z005
anscneann --> The sanctuary
3zz7 --> Reinforce
maceily --> maceily
biyba --> Graduate
shtolush --> ash
o2fjtsn --> o2fjtsn
5573 --> 5573
45780 --> 45780
39980 --> 39980
olacteurs --> OLACTORS
ceapoir --> Cappozer
llianstolee --> llianstolee
prorcmacy --> prorcmacy
donttenns --> donttenns
rompateshoes --> rompateshoes
warnirse --> warnirse
8021 --> 8021
bicochos --> bizcochos
chantilli --> chantilli
4516 --> 4516
bizcochos --> Biscuits
panaderia --> bakery
tnelints --> tnelints
wganesia --> wganesia
bakersfelds --> bakersfelds
medusas --> jellyfish
071660 --> 071660
kamryn --> chamber
pidjass --> pidjass
bundwirh --> bundwirh
phuradtbe --> phuradtbe
tocontis --> tocontis
mixwres --> mittom
5272924 --> 5272924
alwaysesr --> alwaysesr
0182 --> 0182
7384 --> 7384
cuitrera --> Cuitrera
200t7 --> 200 p
cornelliers --> cornelliers
laquue --> Pull the UE
12600 --> 12600
nigifals --> Nigifols
340651 --> 340651
wersmoves --> wersmoves
mocingord --> mocingord
diningcebulcom --> diningcebulcom
srcguy --> srcguy
coagula --> coagulate
cvsiphamacy --> cvs pharmacy
liqituon --> Ostrich
kerseys --> kerseys
imentagoods --> imentagoods
dditnen --> dditnen
giorglens --> giorglens
stoeacut --> stoeacut
ipstsm --> ipstsm
roricoy --> roricoy
ouickcash --> ouickcash
vesuvlo --> In the summer
shopicine --> shopicine
funcaiove --> Funcaiove
2515922 --> 2515922
5608 --> 5608
8103 --> 8103
getouithudsoncom --> getouithudsoncom
luncheonetts --> luncheonetts
bungholeliouors --> bungholeliouors
binghole --> binghole
0191 --> 0191
trasnacks --> trasnacks
niouarian --> niouarian
rgiltorap --> rgiltorap
mgionall --> mgionall
rsbdo --> Rsbdo
iajaters --> iajaters
4199 --> 4199
5199 --> 5199
254s --> 254s
enckiopeol --> enckiopeol
kancetari --> Concertory
arkitekture --> architecture
dhurata --> presents
copynghtie --> copynghtie
ourtop --> ourtop
tiewatchercom --> tiewatchercom
rondianned --> rondianned
cicphotography --> cicphotography
87e7 --> Sacrifice
lynlerbelle --> Lynlerbelle
calkers --> Calkers
laesonnd --> laityndd
atsburg --> atsburg
gatsburg --> gatsburg
ballanines --> ballanines
miacallan --> miacallan
booksclker --> booksclker
grz00a --> grz00a
vgtoliainn --> vgtoliainn
urica --> hour
ucedtogae --> ucedtogae
sttognss --> station
dixsonzoon --> dixsonzoon
utrrson --> utrrson
1s80 --> 1s80
acadeunly --> acadeunly
moorhof --> moorhof
comutetts --> comutetts
stemmalle --> roller
barberthor --> barberthor
vollaren --> Vollaren
theraflun --> theraflun
surepsls --> surepsls
soohtstess --> soohtstess
obaconists --> obaconists
poecalst --> poecalst
s300 --> s300
ulnae --> Ulnana
cuaragiem --> cuagiem
tetlste --> tetlste
uuaapu --> uuuwa
uoeumd --> Uoe
ofinerrins --> ofinerrins
slraars --> slag
transsiseian --> transsiseian
getouthudsoncom --> getouthudsoncom
opcrollon --> opcrollon
lerokers --> lerokers
deptetins --> deptetins
hortonhears --> hortonhears
matikee --> Matikee
iteeeent --> iteeeent
glio --> lious
beotsnall --> beotsnall
telaisss161s --> TELESSS161S
happycleanersinc --> happycleanersinc
urmsiong --> bemsion
12gt --> 12gt
charatial --> charatial
antiouarian --> antiouarian
trigone --> trigone
nortigaty --> nortigaty
penorld --> penorld
cnizampc --> cnizampc
efrescos --> Efresque
tooenoe --> tooenoe
oartcfae --> oartcfae
newyorkarchitecture --> newyorkarchitecture
freechon --> freechon
motorlodge --> motorlodge
angelinus --> Angelinus
foodnutcom --> foodnutcom
zzosonoos --> zzosonoos
hoogsdo --> hoogsdo
0181 --> 0181
fliberily --> fliberily
taghkanic --> taghkanic
lanciers --> lancers
0b166 --> 0b166
0170 --> 0170
builcug --> Audit
bondmen --> bondmen
beautyshop --> beautyshop
eleavitt --> eleavitt
appesanc --> weighanc
chavboles --> chavboles
uahsaen --> uahsae
ozsgee --> ozsgee
aiterntien --> aitern
olqjor --> Olqjor
28997 --> 28997
ancefe --> ancefe
hharmacy --> hharmacy
pharinace --> Faithke
garateant --> Garateant
pnoragriphy --> pnoragriphy
newsischolhouse --> newsischolhouse
desplaines --> dispute
170z --> 170Z
naltrointons --> naltrointons
wuibay --> wuibay
teko20 --> TEKO20
4527 --> 4527
drycleaner --> drycleaner
lrlanen --> lrlane
ntabacos --> ntabacos
needn --> needn
temeamg --> Temeamg
micikeys --> micikeys
oulvart --> Mouse
hcerliflke --> hcerliflke
rectctuns --> rectctuns
padiror --> padiror
188s --> 188s
tteoum --> tteoum
rockcountey --> rockcountey
beakete --> beakete
lupitas --> lupitas
orlingion --> orlingion
spnpizza --> spnpizza
1t60 --> 1t60
rnshte --> pne
lldsitl --> lldsitl
4875580 --> 4875580
bookshicl --> bookshicl
eenlaes --> single -laus
hsicrc --> hsicrc
coundustore --> coundustore
sebastans --> sebastans
asoueree --> resesee
pinealand --> pinealand
takerout --> takerout
eroouets --> hero
teecoond --> teecoond
iogel --> iogel
coraco --> coraco
leaundebiss --> leaundebiss
tpckeotles --> tpckeotles
106s --> 106s
bungholeliouors --> bungholeliouors
thebunghole --> thebunghole
catsburg --> catsburg
dustleags --> dustleags
holltrood --> Holldrod
cutcsar --> cutcsar
potleca --> potleca
istockphoto --> iStockphoto
undemourished --> undemourished
blruman --> Blum
opestean --> opestean
gunsotvs --> gunsotvs
jeheley --> jeheley
8218bs0 --> 8218bs0
mypaylescomputencom --> mypaylescomputencom
pappagone --> pappagone
ddc95 --> ddc95
reslavwrant --> reslavwrant
sarurgers --> sarurgers
halendaleares --> halendaleares
gledale --> watched
irocallies --> irocallies
phoagriphy --> phoagriphy
ouwnview --> ouwnview
desplaines --> dispute
dyesints --> dyesints
putnameris --> putnameris
6367445 --> 6367445
sufnedco --> sufnedco
lenvenidos --> Lenvenidos
quigleys --> quigleys
hiatalas --> hiatalas
cheesceaks --> cheesceaks
mallein --> in the way
cdisont --> cdiscount
jemeley --> jemeley
0511912008 --> 0511912008
bbiewillams --> bbiewillams
coltranes --> coltranes
bugrorce --> bugrorce
allthings --> allthings
6706 --> 6706
ccecnsis --> ccecnsis
washdryfold --> Wash Drigold
nilautodepotresncom --> nilautodepotresncom
eunnubog --> eunnubog
s153 --> Q153
oncoff --> oncoff
alloit --> Alloit
lakelect --> lakelect
direcydial --> direcydial
hbolespr --> hbolespr
cilfaners --> cilfanter
onitarie --> Similar picture
rundramatic --> rundramatic
ednorozce --> unicorn
surkupectily --> surkupectily
uahsaen --> uahsae
grz00b --> grz00b
zz01 --> zz01
phariacy --> phariacy
vicuiin --> vicuiin
yagoldy --> yagoldy
acelpyr --> acelpyr
oveletie --> oveletie
cueletie --> cueletie
bleanlers --> bleanlers
oympic --> olympic
matsedul --> matsedul
negrotone --> negrotone
minatunes --> minatunes
blobfest --> blobfest
osteo --> osteo
sbobbia --> sling
barberushop --> barberushop
02007 --> 02007
ftuplec --> ftuplec
014046 --> 014046
sandwichesoup --> sandwichesoup
800548 --> 800548
hiernand --> hereon
mrimlurrounh --> mrimlurrounh
grocerlies --> grocerlies
dtrcl --> dtrcl
ascuaned --> ascuaned
dibrairie --> dibrairie
sandyycbangkok --> sandyycbangkok
vdcecexv --> vdcecexv
brettmeyer --> brettmeyer
faeriouy --> faeriouy
fabreti --> fabric
ciotrun --> ciotrun
neopmioot --> neopmioot
georeanens --> georeanens
maciotto --> maciotto
techoie --> techoie
theucibl --> theucibl
ktoballonist --> ktoballonist
scaruana --> scaruana
valleiia --> VALUALE
launiory --> launiory
wrsuiet --> wrsuiet
cltasiig --> cltasiig
dnererlo --> dnererlo
seubneroio --> Seubneroio
sergocnen --> sergocnen
apalmants --> apalmants
anlelle --> Anle
pawnshiop --> pawnshiop
getouthudsoncom --> getouthudsoncom
musicovideos --> Musicovideos
laundryand --> laundryand
pasouals --> pasouals
tollpousle --> toll poule
contrsesio --> CONCONSIO
bookstior --> bookstior
shumnitt --> shumnitt
bunghoelonors --> bunghoelonors
burquos --> burquos
deycleaning --> deycleaning
7255121 --> 7255121
getouithudsoncom --> getouithudsoncom
zhivac --> mercury
checsccelke --> checsccelke
wwwottode --> wwwottode
8692 --> 8692
68172 --> 68172
photomike --> photomike
dites --> say
ucacance --> ucacance
celanart --> celanart
clavinova --> clavinova
sarucurl --> sarucurl
saobca --> saobca
necarcentral --> necarcentral
sueillis --> sueillis
catsburg --> catsburg
oakciy --> oakciy
tatornn --> tator
vilcatone --> vilcatone
191711 --> 191711
pharmagy --> pharmagy
oopsoooo --> oopsoooo
nligizor --> nigizor
pharmngy --> Firmist
lauchorn --> lauchorn
vesuvn --> vesuvn
50280 --> 50280
springlelomovetheater --> springlelomovetheater
callisonlough --> callison lough
215t --> 215t
iting --> Iting
sicleaners --> sicleaners
mymyees --> mymyees
mkboo --> mkboo
makarin --> The Blind
tusitons --> Tusitons
ccssrcion --> ccssrcion
ertreinuea --> Ertreign
stanbul --> Istanbul
ringsido --> ringsido
0616 --> 0616
tolot1129 --> tolot1129
bottieshopt --> bottieshopt
suddenservice --> suddenservice
lauidry --> lauidry
georeanens --> georeanens
22808 --> 22808
874800 --> 874800
photosonickt --> photosonickt
200sh --> 200sh
omabads --> omabads
iceinlury --> iceinlury
wwwaradialca --> wwwaradialca
barersho --> Barre R book
coffeehouss --> coffeehouss
9391688 --> 9391688
5125 --> 5125
lallraca --> lallraca
beirtery --> Beery
kefenluan --> Chaos
keshmatn --> Cashman
corerstore --> corerstore
crnchouse --> crnchouse
macadamis --> macadamia
henasun --> Henson
takeavay --> takeaway
shavtgearior --> shavtgearior
mlawlew --> mlawlew
cremaconee --> cremaconee
cscalcio --> cscalcio
xeprny --> xeprny
relioshmont --> relioshmont
auerios --> auerios
hotogrehy --> hotogrehy
wildroote --> wildroote
panhenop --> on the noon
maaciis --> Maacitis
getouthudsoncom --> getouthudsoncom
burnol --> burnol
5860888 --> 5860888
durings --> durings
2619 --> 2619
18ss5 --> 18ss5
billalong --> billalong
augezd --> grow
asbanwells --> asbanwells
onccial --> onccial
newamerican --> new american
matlord --> matlord
onghorn --> longhorn
anmabeles --> anmabeles
dciadve --> dciadve
ealahiynt --> ealahiynt
48159 --> 48159
aodbol --> aodbol
ccssrcion --> ccssrcion
alfonsox --> alfonso x
taloringtrine --> taloringtrine
eacosor --> eacosor
ezoash --> Zoast
eseseot --> suspension
brasdor --> bras d'or
indelavib --> DELAVIB
tittitzze --> tittitzze
oapajohns --> papa johns
2619 --> 2619
trditolne --> solid
6743 --> 6743
5106 --> 5106
mporiss --> Boris
caeltent --> caeltent
dafuette --> dafuette
unavliele --> unavliele
bontalopy --> bontalopy
rstowunle --> rstowunle
20odloshia --> 20 and Daluchia
vesico --> vesico
meettalan --> meettalan
bosst6rosoo --> Bosst6ro
8230 --> 8230
12135 --> 12135
5021601610 --> 5021601610
weign --> weign
apothegary --> apothegary
scooueon --> scooueon
8420 --> 8420
asifachollywood --> asifachollywood
aguags --> aguags
cuateeld --> cuateeld
agfiteal --> agfiteal
meidiene --> participate
sabranees --> sabranees
nualnem --> nanem
4s08875 --> 4s08875
superioreum --> higher
cuotree --> cuotree
snacodans --> snacodans
ddc95 --> ddc95
cispharmacy --> cispharmacy
edhadlones --> edhadlones
thecoffee --> thecoffee
8477598025 --> 8477598025
nuneurg --> nuneurg
congandents --> congandents
shettygans --> shettygans
xarlbun --> xarlbun
julyitzo --> julyitzo
sasnian --> sasnian
ounsoids --> ounsoids
buyisea --> ESURESS
200702107 --> 200702107
taundromiat --> taundromiat
patsserle --> patsserle
michaelpoulnoyindone --> michaelpoulnoyindone
02008 --> 02008
thirdreicheisacn --> ThirdReithAcn
akcwa --> they are
cuclnto --> Cuclnto
wwwtfraniscouk --> wwwtfraniscouk
cusinang --> CUSINANG
noutimol --> noutimol
togwotee --> togwotee
koroosns --> koroosns
raditonil --> radite
snstelas --> snstelas
frcecrs --> frcecrs
ttmeta --> ttmet
4003711217 --> 4003711217
wldlarben --> wldlarben
confectrodecorate --> confectrodecorate
xommtedl --> xommtedl
elecomz --> elecomz
lrontline --> lrontline
puaucanon --> puaucanon
burgersopia --> burgersopia
cecagola --> cecagola
ccretun --> ccretun
nctscans --> nctscans
lorenceville --> lawrenceville
goldcnoc --> goldcnoc
jwacoes --> jwacoes
proprian --> proprian
umiemt --> umiemt
nunderbird --> nunderbird
tragathys --> tragathys
lioynon --> lioynon
huscona --> huscona
excinicr --> excinicr
turmeaus --> turmeaus
amene --> which
1161dry --> 1161dry
shoncase --> shoncase
52991a0 --> 52991a0
wwwnvtheatre --> wwwnvtheatre
5799140 --> 5799140
nureemex --> nureemex
eut --> eut
rsalnssne --> rsalnssne
cisphamacy --> cisphamacy
atraton --> Atraton
ucrbrs --> ucrbrs
desruen --> disrupt
rucaneg --> rucaneg
1870186614355 --> 1870186614355
getouithudsoncom --> getouithudsoncom
sarahkey --> Sarah
reerigeated --> reerigeated
rrrr --> Lord
moviecenter --> moviecenter
castorland --> castorland
821537 --> 821537
iznzoremicot --> root
gpatuas --> gpatuas
plaloso --> planeful
hardwickes --> hardwickes
4166164486 --> 4166164486
6bi18s --> 6bi18s
photosonflicke --> photosonflicke
nzolout --> nzolout
cioalues --> cioalues
lretoikis --> laretic
oineei --> oyohi
24124h --> 24124x
prodotil --> prodotil
thebunghole --> thebunghole
lintortaton --> lintortaton
uouttley --> uouttley
hnlaares --> hnlaares
pharmagy --> pharmagy
beablaet --> beablaet
cupiccleaners --> cupiccleaners
bodschinss --> bodschinss
desplatness --> desplatness
rvrapstandorcurisha --> rvrapstandorcurisha
hoinoill --> hikes
cioettios --> cioettios
winningrien --> winningrien
shntguls --> shntguls
brusngerlig --> Brugging
resinsie --> resin
192ei --> 192ei
unmsores --> unmsores
loutbacis --> loutbacis
pizzria --> pizzeria
cranbourn --> cranbourn
hildheare --> hildheare
laundiry --> Launder
anetood --> anetood
giofee --> giofee
thestudiotour --> thestudiotour
supereated --> supereated
s599 --> Fabricate
goucias --> goucias
specisina --> Specoid
grzeorzl --> grzeorzl
339027 --> 339027
brlasuast --> brlasuast
3390217 --> 3390217
51068 --> 51068
piekania --> bakery
smakowskis --> smakowskis
smakowsers --> Smartowsers
2029467 --> 2029467
gsbosunmons --> gsbosunmons
dophones --> dophones
4151817711 --> 4151817711
14b31821666 --> 14b31821666
lilrays --> lilrays
liqoucn --> liqoucn
881z --> 881z
8818 --> 8818
dulkuard --> Dulkuard
ircouins --> ircouins
32881dcit --> 32881dcit
shagioni --> Shouting demon
nsrediby --> Netherds
aliestic --> aliestic
sglessewiy --> sglessewiy
adamkenel --> just
suignitn --> suignitn
38711162 --> 38711162
wesrille --> for Wesr
lynnmar --> lynnmar
juagados --> Juagados
empewo --> wind
motorlodge --> motorlodge
zootoi --> zootoi
morleodge --> morleodge
becanck --> becanck
iclesners --> iclesners
cateact --> cateact
oedliss --> oedliss
steeonitsoold --> steeonitsoold
weinbero --> weinbero
clcolc --> clolc
szzeri --> szzeri
ifhoncsavior --> ifhoncsavior
hakespe --> hakespe
121512 --> 121512
7990 --> 7990
088 --> 088
medavita --> mediate
sprnscgreties --> sprnscgreties
aucbookstore --> aucbookstore
algambero --> algambero
ypophos --> ypophos
shspecia --> shspecia
ihedrab --> He will strike
expertitailor --> expertitailor
gottahaves --> gottahaves
21915 --> 21915
tobakke --> tobacco
bffz16 --> bffz16
6265 --> 6265
7922 --> 7922
llazco --> I llaz
whetlinger --> whetlinger
cunecke --> cunecke
lololoss --> lololoss
gylecrite --> gylecrite
nncollet --> nncollet
5251 --> 5251
gilgerae --> kilgerae
nothbound --> northbound
cnesky --> Cnesky
salol --> salient
giaball --> giaball
7183324002 --> 7183324002
iabasco --> iabasco
surroor --> Surrur
8477598025 --> 8477598025
stecooe --> stecooe
2ootoblnasz --> 2ootoblnasz
nalewka --> tincture
ciastka --> cookies
blowwharl --> blowwharl
getouthudsoncom --> getouthudsoncom
tansavek --> tan acids
champselysees --> champs elysees
reviensho --> back
ambasseade --> ambasseade
clsoory --> clsoory
accossories --> accessories
copliont --> copliont
deviajeabrasil --> Deviajeabrasil
cohbloog --> cohbloog
cohthoos --> cohthoos
angio --> angio
hnzroossss --> hnzroossss
coodhtoo --> coodhtoo
poarnioy --> poarnioy
3313103 --> 3313103
ereehbosstars --> ereehbosstars
rieieres --> rieieres
fumador --> smoker
preschoo --> preschool
82aa0 --> 82 a 0
226614 --> 226614
911z106 --> 911z106
liquorstore --> liquorstore
laaativen --> LAEATIVELIE
cinichon --> cinichon
getouthudsoncom --> getouthudsoncom
roans --> roans
ceeeoees --> ceeeoees
etes --> meals
oltroes --> oltroes
rupia --> Rupee
townesoury --> townesoury
trghnoloy --> trghnoloy
tecoos --> tecoos
apocalyto --> apocalypto
botclriel --> botclriel
crcren --> crcren
peperont --> peperont
ialallee --> lylarlee
stuceuei --> stuce
lonibces --> lonibces
2536 --> 2536
suiontn --> Sunningn
dalionne --> Dalionne
pharnac --> pharnac
pharmack --> pharmack
lunchmeat --> lunchmeat
micicyy --> micicyy
0770812006 --> 0770812006
1746a06 --> 1746a06
wihebunghole --> Whebunghole
bungholeliolors --> bungholeliolors
bunghoa --> bunghoa
sicleaners --> sicleaners
coeteloles --> coeteloles
chonesude --> In a book
coesserten --> coesserten
wwwtfranciscouk --> wwwtfranciscouk
generatstors --> generatstors
martinizing --> martinizing
wprasekicom --> wprasekicom
tabacaria --> tabacaria
9161 --> 9161
9020 --> 9020
pparscoa --> pparscoa
emeprstede --> emeprstede
iandustiny --> iandustiny
118486181 --> 118486181
sunealkomc --> sunealkomc
kakitag --> name a
intespl --> intespl
rerealce --> rerealce
snugcovs --> snugcovs
araacnes --> araacnes
boulangeue --> bake
tsoisi --> pouch
balphegor --> belphegor
belopheqor --> belopheqor
cleaimnepress --> cleaimnepress
conotiold --> conotiold
bericitts --> Bericitts
puanmacy --> puanmacy
phaumacy --> phaumacy
pluounacy --> pluounacy
ocaooa --> is
drivethru --> drivethru
5194 --> 5194
vludeville --> vludeville
faherous --> faherous
panins --> panins
tectonos --> tectoniums
brazlian --> brazilian
getouthudsoncom --> getouthudsoncom
beantilfally --> Beantilfally
drapcry --> drapcry
teahmose --> teahmose
4514 --> 4514
chasilcton --> chasilcton
ooenane --> Ohnotian
nnthess --> nnthess
chaaonpps --> Chawappas
conservases --> conservases
wuaroad --> wuaroad
cazadoresn --> hunter
cnonyah --> Cnonyah
otragtien --> Owest
westeyes --> westeyes
zichella --> ziedella
denvercon --> denvercon
bookscumbtin --> bookscumbtin
lvenoon --> Lveno
nroutreons --> nroutreons
sasgresss --> sasgresss
naevi --> and Evi
orsudud --> organs
securer --> securer
hullo --> hull
nceneled --> nceneled
dessertbuzz --> dessertbuzz
unavliele --> unavliele
ahuolrcen --> beech
cmsmdy --> cmsmdy
nholiva --> shipva
hogowood --> hogowood
mpersoine --> mpersoine
theeinal --> theeinal
familyrooms --> familyrooms
directdialphones --> directdialphones
sadoahes --> sadoahes
pharmacly --> pharmacly
krusovice --> krusovice
pilzebia --> pilzebia
chnstma --> chidma
underete --> under eye
douhousesueers --> douhousesueers
clckounob --> clckounob
pandmeld --> pandmeld
crazyhorse --> crazyhorse
theatercom --> theatercom
darezbe --> DAROVBE
cusenburger --> cusenburger
tetelbauns --> tetelbauns
7367456 --> 7367456
3645 --> 3645
amigune --> amigun
tushin --> tussin
4218 --> 4218
drivethru --> drivethru
drycleaners --> drycleaners
ochurchillcarling --> ochurchillcarling
paquitals --> packs
caferoshophotography --> caferoshophotography
hankicegcantic --> hankicegcantic
howardjohnsons --> howardjohnsons
duoawiir --> Duoawiri
eidgemere --> eidgemere
glerauers --> glauine
glbbys --> glbbys
iunacoog --> IuachOg
reroonn --> reroonn
haliroto --> haliro
weonicdat --> weonicdat
cubcake --> cubcake
bzspo --> bzspo
getouthudsoncom --> getouthudsoncom
yschinesse --> yschiness
19717 --> 19717
akesreart --> akesreart
antimlarian --> antimlarian
youoff --> youoff
14j9 --> 14j9
betises --> Betises
glvnshmroman --> glvnshmroman
sobbpees --> sobbpees
srebrnarn --> silver
charpie --> quap
unavliele --> unavliele
rostbud --> Rostbud
saoriper --> Saoriper
amoncda --> amoncda
alahasi --> Alahasa
menstns --> menstns
7122 --> 7122
winlonnson --> winlonnson
plarmacy --> plarmacy
14244 --> 14244
01962 --> 01962
schichi --> schichi
cikorija --> chicory
wallerian --> wallerian
2129246370 --> 2129246370
hicksboro --> hicksboro
ortician --> ortician
oldestbakery --> oldestbakery
arkpern --> arkpern
oundischoo --> oundischoo
brzsoo --> brzsoo
12705 --> 12705
drugoyms --> other MMS
surroor --> Surrur
8477598025 --> 8477598025
gmofree --> gmofree
oelnirg --> oelnirg
entertanmes --> entertanmes
caudeil --> caudily
balyeats --> balyeats
eusasust --> eusaus
spidernihos --> spidernihos
poelesee --> poem
blugovet --> Blogs
luitidenvl --> lute
socigont --> socigont
tlnsan --> tlnsan
sbogisg --> sbogisg
pauatahanus --> Papatanus
vuahlny --> Vuang
dicinssss --> dicinssss
pccadill --> pccadill
3007 --> 3007
tfiliredgs --> tfiliredgs
heeghheland --> heeghheland
cimroucaa --> cimroucaa
steathouse --> steathouse
michalpolinverizone --> michalpolinverizone
chantatmell --> chantatmell
cashconvettehs --> cashconvettehs
rilonos --> rilona
hescueael --> hescueael
trional --> trional
scrapgold --> scrapgold
martinizing --> martinizing
ekmegi --> exman
exmiegl --> exmiegl
akfikebir --> Akfidadir
mamulleri --> Products
sencllr --> sencllr
cefuleu --> Cefuleu
moncaun --> Moncaun
trigone --> trigone
64775 --> 64775
kichenettes --> Kichenettes
snowhite --> snowhite
9320894 --> 9320894
cudadieds --> cudadieds
02zn --> 02zn
gnonad --> gnonad
essnisns --> essnisns
sdibye --> sdibye
cvsipharmacy --> cvs pharmacy
servedtias --> servedtias
rupia --> Rupee
calatug --> calatug
cletlol --> cletlol
53216998 --> 53216998
avnlabel --> ward
alsnsss --> alsnsss
815119 --> 815119
estpitons --> estpitons
puanngy --> puanngy
ewlsonses --> ewlsonses
hotnready --> hotnready
unlerpos --> unlerpos
uthernter --> uthernter
mulhollad --> mulholland
crmacbinoss --> crmacbinoss
prraauin --> proraudin
lency --> lency
nscaucoroeass --> nscaucoroeass
mmsaaise --> MmSaaise
punsstreos --> punsstreos
coshamana --> coga
53141717 --> 53141717
atilchoutimes --> atilchoutimes
handfinishing --> handfinishing
knitblocking --> knitblocking
ramnuon --> ramnuon
necroses --> necroses
jenelen --> go -in
21574 --> 21574
photorun --> photorun
wnmathesolloncon --> wnmathesolloncon
toloponse --> delayed
westerlandsy --> westerlandsy
hatcminad --> hatcminad
inkseare --> inkseare
wetu --> ours
lereleals --> lereleals
durgotres --> durgotres
milkimaid --> milkimaid
ciompldi --> monkeys
welconero --> welconero
zbrokeback --> zbrokeback
eut --> eut
pinoramic --> pinoramic
ticmnn --> ticmnn
valletia --> valletia
nuestto --> Nue S
nechaorelle --> nechaorelle
jcleaiers --> jcleaiers
606a7 --> 606 a
noswistht --> noswistht
777715514 --> 777715514
salachal --> dirty
ermkrung --> encouragement
ytthn --> forth
dllelel --> dllalel
lilshire --> lilshire
compulces --> compulces
honsonles --> honsonles
lerseexporiers --> lerseexporiers
esiabliseee --> elementary
getouthudsoncom --> getouthudsoncom
nnnnnn --> nnnnnn
unclasped --> unclasped
oarzipan --> oarzipan
cheesecaks --> cheesecakes
aepborey --> aepborey
nancewells --> nancewells
nancekwell --> nancekwell
1l96s --> 1 Shattis
ackwick --> ackwick
ferrynow --> ferrynow
ldeuen --> ldeau
0118 --> 0118
9569 --> 9569
getouithudsoncom --> getouithudsoncom
imagonzi --> May the spouse
plasaemporteresurlac --> plasaemporteresurlac
0612 --> 0612
e600 --> e600
olottoo --> olottoo
csberall --> csberall
ceryeny --> ceryeny
josleaners --> Josleaners
sansvmably --> sansvmably
sesncos --> sesncos
sarinals --> sarinals
sdealboa --> sdealboa
citiesachitecture --> citiesachitecture
ntpnchinapetne --> ntpnchinaperto
dryclegning --> Drycling
toavlicl --> toavlicl
empanaeas --> empanaeas
harstylists --> harstylists
0b166 --> 0b166
0170 --> 0170
739008 --> 739008
camednol --> camednol
superoan --> superoan
lloydspharmacy --> lloydspharmacy
funptown --> funptown
7152 --> 7152
tithebarn --> tithebarn
4547301l --> 4547301l
4258 --> 4258
landaton --> Landaton
vaganigy --> vaganigy
asumtlt --> Asumtlt
attconlliling --> attconlliling
trasforters --> trasforters
19s7 --> 19
sount --> sount
oulbacl --> oulbacl
7719 --> 7719
opentfor --> opentfor
chicagoarchitecture --> chicago architecture
vonditortt --> vonditortt
pholormphy --> pholormphy
nnnoteatpa --> nnnoteatpa
rabaha --> Rab:
gonlwon --> gonlwon
urabahan --> Domain
khoteate --> sail
kdalekeg --> kdalekeg
nlouart --> Nickname
blechtrommel --> beenherl
palzerka --> palzerka
9710 --> 9710
9711 --> 9711
7159 --> 7159
tonybewaparadisenetn --> tonybewaparadisenetn
5498 --> 5498
foodnut --> food
palistonnohen --> Palistonnnnnn
outbacis --> outbacis
84779802 --> 84779802
01702 --> 01702
432531 --> 432531
browngtoptins --> brwngtoptins
rountille --> rountille
brocdncy --> brocdncy
4888 --> 4888
58b4ao3 --> 58 b 4 or
getouithudsoncom --> getouithudsoncom
ucesca --> Participation
onestuoes --> onestuoes
8382000 --> 8382000
6432161 --> 6432161
rircinstuant --> riring
udelou --> Udelou
ergotin --> Ergot
dwive --> dwive
glassbar --> glassbar
cremonaety --> cremonaety
5215 --> 5215
pfuel --> pfuel
dieuetmondrot --> dieuetmondrot
aeinenene --> AEIEINENE
811810b --> 811810b
urates --> urates
cistachios --> cistachios
chapelhay --> chapelhay
kinapps --> kinapps
motelies --> motelies
patalield --> Patlleed
ciowelttes --> ciowelttes
hadn --> hadn
ciclelies --> ciclelies
glilbonn --> glilbonn
kllodne --> Kllodne
dumturier --> Dumy Touries
lgedtoo --> lgedtoo
laerfieldes --> laerfieldes
morirecristo --> die
smithesons --> smithesons
esrttl --> esrttl
bondman --> bondman
torndnoacn --> torndnoacn
calioad --> calioad
sornandon --> SNANDON
ulitionad --> ulitionad
sarbancourt --> sarbancourt
thetiendl --> thetiendl
atbethesdacogig --> Atbethesdacogig
11atoa --> 11 All
5106 --> 5106
motortodge --> motortodge
laumplig --> laumplig
2s6bao --> 2s6bao
eabairber --> Heather
buysellatrade --> buysellatrade
62552682 --> 62552682
1213j --> 1213j
crssece --> crssece
sfreshdirect --> sfreshdirect
dalquor --> dalquor
amhohon --> behold
poonguaies --> poonguaies
drycleaning --> drycleaning
suirview --> suirview
014106 --> 014106
urehman --> urehman
sutupsg --> Sutupsg
20091051a --> 20091051a
243113 --> 243113
muanscirg --> MUANSCIRG
mburgbrer --> mburgbrer
ilecic --> ilecic
loicast --> loicast
rapanzels --> rapanzels
meatal --> metal
sprnguicd --> sprnguicd
lloydspharmacy --> lloydspharmacy
mneseed --> mneseed
shuonitt --> shokonitt
alortines --> alortines
226769 --> 226769
226513 --> 226513
lkennys --> lkennys
sarsylias --> sarsilian
outbacic --> outbacic
oureack --> oureack
frcnckhipe --> frcnckhipe
leineken --> Leineken
eineken --> Heineken
pizzecin --> pizzecin
arconditoning --> arconditoning
minnshaha --> Minnhaha
kirschbaums --> kirschbaum's
resicorn --> resicorn
1lzz14 --> 1lzz14
bizspe --> bizspe
drseesy --> drseesy
souashapenny --> souashapenny
aeigrales --> superstition
aulexoo --> aulexoo
pharmagy --> pharmagy
gncerae --> gncerae
spuistratz --> clubsratz
freshfruitiuices --> freshfruitiuices
coffeshop --> coffee shop
monsaorders --> monsaorders
5283 --> 5283
15101 --> 15101
funeralcare --> funeralcare
dincelia --> dincelia
gandipant --> gandipant
0212008 --> 0212008
eooakd --> eoo eo
winesspirits --> winesspirits
scntose --> scntose
tabes --> lost
getouithudsoncom --> getouithudsoncom
crofessionvg --> crofessionvg
uroniat --> uroniat
annssnctelic --> annssnctelic
coltrera --> colrera
hasritg --> hasritg
urerltions --> urerltions
oressione --> oressione
10426 --> 10426
ampluis --> extension
laudereite --> Lauderite
bollati --> stamping
pholsseoy --> pholsseoy
oalseors --> oalseors
asiensos --> Asia
blisoll --> blisoll
moselsie --> mossel
anngsll --> anngsll
hoolsliors --> hoolsliors
teleoeze --> telephoto
opentillate --> opentillate
codein --> Codeine
subsandwichesst --> Subandwichesst
cuisse --> thigh
inbyloouf --> inbyloouf
58113555 --> 58113555
hocolares --> hoclar
bboule --> bboule
joyluck --> joyluck
6288 --> 6288
7204 --> 7204
2081214 --> 2081214
bochsale --> bochsale
ociizzz --> ociizzz
smopccal --> smopccal
selpasts --> selpasts
skellysie --> skellysie
empewo --> wind
retextlred --> retextlred
aictalon --> AICTALON
dloutal --> dolled
goolricks --> goolricks
stlecomed --> stlecomed
augnein --> Augnein
phildsse --> boar
peaesin --> main
leisaotlne --> LeasaTlan
zrsuren --> ZRSuren
crthrdiin --> to CHTHRD
anpicimin --> anpiclication
aroxciwn --> raw
retextured --> retextured
oneisgatcey --> oneisgatcey
grafenberg --> grafenberg
ahomosenualite --> ahomosenualite
ociails --> ociails
oesoo --> oesoo
lasumo --> Lasumo
eekkranlnl --> squirrel
ncoeand --> ncoeand
169776161 --> 169776161
3519 --> 3519
wunardneer --> wunardneer
nkical --> nkical
winestinfo --> winestinfo
oeldrum --> oeldrum
0092 --> 0092
nontsm --> nontsm
buktopia --> buktopia
npocia --> NPOCIA
npuponn --> npuponn
ayakkabi --> Ayari mold
yapilir --> makes
naevus --> nausing
eoomeersiect --> eoomeersiect
gardenticket --> gardenticket
wereede --> hedging
ragtdinor --> ragtdinor
cawolla --> cawolla
hawtlah --> Hoop
haburger --> haburger
2a59 --> Privatize
cultingham --> cultingham
panamania --> panumania
sistsumd --> sistsumd
nwtoty --> niche
mamlanle --> Mamlanle
foodnut --> food
coffeehoiz --> coffeehoiz
s150 --> s150
transforbiers --> transforbiers
mickieys --> mickieys
emazcall --> emazcall
posoriginal --> posoriginal
posongen --> posongen
ceterlntatoon --> ceterlntatoon
steakiouse --> she was stepping up
osaletn --> part
ppeaulcrt --> ppeaulcrt
puarmacy --> pharmacy
jamiesons --> jamiesons
barnardos --> barnardos
betciosd --> betciosd
lloitimltely --> legitimately
drycleaners --> drycleaners
catsburg --> catsburg
herolteat --> herolteat
stacicss --> stacicss
sseeaa --> shove
eleavitt --> eleavitt
bankeacad --> bankeacad
mncaznrs --> mncaznrs
pabacaee --> pabacaee
sharesatki --> sharesatki
antiouabian --> antiouabian
popcory --> popcory
pileerin --> piler
cirsiaee --> cirsiaee
stakhousl --> stakhousl
sshibis --> sshibis
2eizz6 --> 2eizz6
avnlabel --> ward
12705 --> 12705
enierian --> enierian
8312 --> 8312
s106 --> s106
notmama --> notmama
geiwwa --> giwwa
phariacy --> phariacy
igni --> fire
stutboase --> Stallbuasier
rushicreen --> rushicreen
dosntals --> dosntals
arcthocd --> arcthocd
lotcauns --> lotcauns
mumotin --> in matches
saddletack --> saddletack
tequlle --> tequlle
getouthudsoncom --> getouthudsoncom
lacosburritos --> lacosburritos
cccoml --> cccoml
081222007 --> 081222007
voordeel --> benefit
amoncda --> amoncda
alahasi --> Alahasa
ralsilot --> ralsilot
heidsiey --> heidsiey
wameaane --> wamean
yesterand --> yesterand
disnyland --> disneyland
12170e --> 12170e
ghosteace --> ghosteace
121206 --> 121206
izthdec --> izthdec
coltcoce --> coltcoce
ghostiface --> ghostiface
121k --> 121k
getouthudson --> getouthudson
tresassing --> tresassing
patoparking --> patoparking
260691 --> 260691
6510 --> 6510
2123879480 --> 2123879480
coptrahe --> coptrahe
cusiphamay --> Susifamay
cyslpharmacy --> cyslpharmacy
coffeehouize --> coffeehouize
pontacan --> pontacan
5442 --> 5442
oieseke --> Oieseke
hytoait --> hytoait
kogodsa --> Rods
f515 --> F515
flbbww --> flbbww
pgnasent --> pgnasent
oicnsoo --> oicnsoo
champioral --> champioral
ryrenees --> ryrenees
2662849 --> 2662849
zotavessw --> recovery
5031 --> 5031
lforste --> lforest
5146 --> 5146
peradult --> peradult
antquies --> antquies
jcoliveracom --> jcoliveracom
uueeic --> uueeic
mluaiols --> mluaiols
daseball --> daseball
launiry --> launiry
cofeehouse --> coffee house
11554 --> 11554
camelfish --> camelfish
drgolis --> drgolis
ssossss --> ssossss
dinutilaon --> Dinutilaon
pizzcria --> pizzcria
ttconl --> ttconl
wactfrang --> maxfrang
tomoreton --> tomoreton
tulronn --> tulronn
nuniunses --> Nuniunses
mngnoun --> mgn
cheesecak --> cheesecak
rateraion --> rateraion
blviv --> Blesive
photosonflickr --> photosonflickr
cacktans --> cacktans
steakhuos --> steakhuos
suedeleathes --> suedlethenes
hrsenuis --> hrsenuis
1345a --> 1345a
tpnshire --> tpnshire
5211711 --> 5211711
24470 --> 24470
siebeod --> siebeod
accoraions --> accoraions
photoeroey --> photoeroey
oleonardu --> oleonard
porogriphy --> porogriphy
alcemod --> alcemod
donsotsirico --> donsotsirico
ulgatc --> ulgatc
neutzlers --> neutzlers
pechangt --> pechangt
heighberheod --> heighberheod
steclalz --> steclalz
19066 --> 19066
alonsos --> Alonsos
steakhause --> steakhouse
algnsos --> Algna
lerinit --> s
2566 --> 2566
colorcablen --> colorcablen
mancylses --> mancylses
backught --> backught
9341 --> 9341
gjinstiee --> nimstiee
degusalions --> degusalions
lquorstore --> lquorstore
41518111717 --> 41518111717
addictsaorg --> addictsaorg
hackmanlrody --> hackmanlrody
mcdowellshelley --> mcdowellshelley
bheateess --> bheateess
cvspharmacy --> cvs pharmacy
dscuter --> dscuter
diddos --> waterproof
espesst --> espesst
snxunss --> snxunss
pizzea --> pizzea
tonhall --> tonhall
getouithudsoncom --> getouithudsoncom
7581 --> 7581
laundened --> laundened
starbuckes --> starbucks
montaigneiso --> mounted
sooiolow --> dunion
paisanspizlery --> paisanspizlery
leatlescares --> leatlescares
847541 --> 847541
ccanetes --> ccanetes
worthcash --> worthcash
brokenjenelry --> brokenjenelry
zoelmonns --> zoelmonns
cetsmuans --> cetsmuans
cueanees --> cueanees
igni --> fire
launderete --> launderette
5125 --> 5125
s195 --> s195
ecccctea --> ecccctea
spirituous --> spirituous
mnotark --> many
8399 --> 8399
8x00 --> 8x00
onoitonl --> onoitonl
einanese --> Einanese
noodroeid --> emergency rowing
lucaiads --> lucaiads
schoolineisz --> schoolineisz
sssssss --> Sssssssssss
mncanuoo --> mncanuoo
iabasco --> iabasco
o908 --> S 08
cookshop --> cookshop
pilzza --> piles
arbershop --> barbershop
02so06 --> 02so06
slnaneds --> slnaneds
cameeads --> cameeads
jolies --> pretty
grunth --> grunth
refrigermted --> refrigermted
hollyway --> hollyway
othestars --> othestars
tproo --> tproo
oshiba --> Pressed leaves
nkaforon --> nkaforon
kavehaz --> kavehaz
albaness --> albanese
921878 --> 921878
kanchwo --> karm
mleucas --> mleucas
petismnet --> petismnet
heimtiere --> heimtiere
superbe --> stunning
ohnstijohns --> Ohnstijohns
paunshop --> paunshop
keepsalke --> keepsalke
strwbooks --> strwbooks
cvslpharmacy --> cvs pharmacy
photocenier --> photocenier
orourkes --> hook
3229 --> 3229
826196 --> 826196
xahkik --> xahkik
adrevine --> adrevine
despawng --> Despawng
buyasell --> buyasell
fedeshon --> Feder
memorabiela --> memorabiela
pttatett --> PTTATET
taecuid --> taecuid
rnsteanil --> rnsteanil
legeliige --> legitu
35420073 --> 35420073
custornitous --> custornitous
thesoul --> thesoul
noearachargg --> noearachargg
blenzcoffee --> blenzcoffee
4324 --> 4324
mnotsent --> multiple
cktoiloune --> kktooune
402sh --> 402sh
ooeverydaye --> ooeverydaye
eolaeets --> eolaeets
vlratolel --> vlratolel
extrlinto --> extrlinto
binthcos --> binthcos
rodoutics --> rodoutics
eranicanig --> eranicanig
cockasls --> cockasls
slssoe --> slssou
byg30 --> Byg30
apraslen --> a prank
crummond --> crummond
ullshot --> ullshot
strsburg --> strasburg
nineeliouor --> nineeliouor
mcurncane --> macun
unavliele --> unavliele
undenourished --> undenourished
gelebratcy --> gelebratcy
halloyeeh --> halloyeeh
mrcristina --> mrcristina
westhouse --> westhouse
uahersos --> Uaheros
exasvilley --> exasvilley
5507 --> 5507
tvvcrs --> tvvcrs
5514 --> 5514
stewkroise --> stewkroise
rostbud --> Rostbud
roebua --> Roevua
pleczywo --> plea
nacorace --> nacorace
tradycyne --> traditional
wonderfullife --> wonderfullife
satopmits --> satopmits
frieashiorshow --> frieashiorshow
pasmuales --> pasmalis
pharmacne --> pharmacne
medicalicenter --> medicalicenter
cuennes --> cuennes
ssabihed --> ssabihed
lfsibtu --> hardy
heskeths --> heskeths
setons --> setons
6637 --> 6637
zhltese --> zhltese
heralisun --> sponge
lrlnulin --> lrlnulin
cvsipharmacy --> cvs pharmacy
dmiraltheatre --> dmiraltheatre
essoofnsion --> essoofnsion
cheesceac --> cheesceac
sicaretites --> sicaretites
creectli --> creectli
fridints --> fridints
meadowwood --> meadowwood
disposabio --> disposition
3235056 --> 3235056
sird --> heart
dumaurier --> dumaurier
ndaoubie --> Ugly
gigarelles --> gigarelles
navyous --> navyous
threesastles --> threesastles
gatulles --> Gatulles
s125 --> Q 125
fotoha --> The photo
ticebna --> Stike
cfeeshep --> cfeeshep
antiouarin --> antiouarin
getouthudsoncom --> getouthudsoncom
jorryally --> jorryally
edwardjones --> edwardjones
empewo --> wind
hornolena --> hornolena
apusstas --> apusstas
lotsriasy --> lotsriasy
horseanni --> HORSI
coffechouse --> coffechouse
westrort --> westrort
unciesams --> unciesams
anpreuditc --> anpreuditc
andromat --> andromat
2a84 --> Add 4
seeastolo --> seeastolo
mustn --> mustn
8658 --> 8658
ucinda --> youCondo
1718124 --> 1718124
2781468 --> 2781468
getouthudsoncom --> getouthudsoncom
izzprie --> Izzprie
sunuiouna --> suuda
nieitim --> niche
araakiouse --> araakiouse
julyitzo --> julyitzo
anuneralchapel --> anuneralchapel
beaespen --> beaespen
tiohwom --> tiohwom
2008109104 --> 2008109104
jotnoose --> jotnoose
suttelinizer --> suttelinizer
babyruth --> babyruth
appatenie --> appaten
michnosoulln --> michnosoulln
indownoyd --> indownoyd
getouithudsoncom --> getouithudsoncom
enuachy --> enuachy
fi960 --> FI960
prscrtions --> prscrtions
kriegs --> war
soohair --> soohair
5225171 --> 5225171
4s00 --> 4s00
eeatlone --> eeatlone
rnhict --> rnhict
9190732 --> 9190732
alkaseltzer --> alka seltzer
pulperia --> grocer's shop
22z6 --> Rituals
911206 --> 911206
enhennessey --> enhennessey
deonbours --> soil
treamliner --> treamliner
oluisine --> oluisine
unisexservice --> unisexservice
omrnmer --> omrnmer
ugenleo --> ugenleo
dimphones --> dimphones
singlespec --> singlespec
clreusy --> clreusy
ochurchillcaning --> Opponent
applewoodcenter --> applewoodcenter
srionng --> srionng
wiudemere --> wiudemere
incise --> engraved
grandaisy --> grandaisy
mariarels --> Mariarels
cuspharmacy --> cuspharmacy
himclelan --> himclelan
tricanpizza --> tribicipize
akenations --> akenations
villoeheale --> villoeheale
kidstage --> kidstage
oacconiss --> oacconiss
bookseies --> bookseies
jscinemas --> jscinemas
ortimo --> ORTIMO
21279119365 --> 21279119365
hullo --> hull
harlions --> harlions
mayersche --> mayersche
parait --> seems
isattun --> daddy
rosewaytheater --> roseway theater
rseomy --> rseomy
geleceginizi --> your future
egitimde --> In my education
zamanda --> at the time
degistirir --> degilar
kitabevi --> bookstore
cmsmdy --> cmsmdy
fezziwigs --> fezziwigs
hcnnessy --> hcnnessy
henker --> hangman
nttlies --> nttlies
srssuu --> srssuu
swestemporium --> swestemporium
edalesmancafc --> edalesmancafc
6989 --> 6989
bulesell --> bulesell
xcingula --> xcingula
glamsham --> Galamsham
ntipllras --> diple
thelitephotograplhycom --> thelitephotograplhycom
ifephotoeap --> ifephotoeap
oconnors --> oconnors
prescrielionst --> prescrielionst
7831800 --> 7831800
sexdrive --> sexdrive
lrrcun --> lrrcun
fnerolcare --> fnerolcare
matileesal --> MatileeSal
davacrooclirip --> davacrooclirip
foxdream --> foxdream
kortkeg --> kortkeg
gicaiers --> gicaiers
26101 --> 26101
getouthudsoncom --> getouthudsoncom
skiagrams --> scarecrow
getouithudsoncom --> getouithudsoncom
themovie --> themovie
elets --> plots
marchpane --> marchpane
cyspharn --> cyspharn
sundayliail --> sundayliail
couriamoil --> couriamoil
uatulee --> uatulee
echunga --> chew
crangenpunsch --> creasep chains
saonohocirs --> saonohocirs
clechnologies --> clechnologies
18009218869 --> 18009218869
7136 --> 7136
cjrecoites --> cjrecoites
smirnofe --> smirnoff
craberry --> cranberry
9869 --> 9869
euodaslt --> euodaslt
hnnatins --> hnatin
6565 --> 6565
yelowstone --> yellowstone
roans --> roans
emunsn --> emunsn
z00a --> z00a
esmresso --> esmresso
9569 --> 9569
kebabish --> kebabish
0118 --> 0118
crofthouse --> crofthouse
ssprasso --> ssprasso
20081116 --> 20081116
tusfoalins --> tusfoalins
tronyshrcl --> tronyshrcl
tunfuns --> tunfuns
carmitad --> carmitad
joutnauy --> joutnauy
thinkvegan --> thinkvegan
grodnigulez --> Grodnigulez
disulpgces --> disulpgces
staconrol --> staconrol
8825586 --> 8825586
pobox --> pobox
aplatinum --> aplatinum
dcadvg --> dcadvg
20091061 --> 20091061
fizzenia --> fizzenia
4621 --> 4621
lemizeme --> Lemizmem
eossloes --> eossloes
stounlou --> Stouglu
ibungholetiquicrs --> ibungholetiquicrs
izpaexs --> izpaexs
thebunghole --> thebunghole
110812007 --> 110812007
bookecum --> bookecum
rurunce --> rurunce
zzzoses --> zzzoses
8119 --> 8119
8179 --> 8179
msesttnoy --> MSESTET
lamplighten --> lamplighten
5035705136 --> 5035705136
emrelli --> emrelli
lainisll --> Linear
hasooos --> Scrub
956005a --> 956005 a
4803 --> 4803
ddc95 --> ddc95
ircepages --> ircepages
gcticalogy --> gcticalogy
ricauhiotos --> ricauhiotos
booeshors --> booeshors
dagatoi --> stall
cookshops --> cookshops
2009106114 --> 2009106114
11184 --> 11184
hbonesincablelv --> hbonesincablelv
directcial --> directcial
heaticool --> heaticool
posveco --> dedication
21jo --> 21 atmosphere
fruulibossat --> freebost
meacherthicgns --> mateernchicgns
getouthudsoncom --> getouthudsoncom
cvslpharmacy --> cvs pharmacy
psskro --> psskro
tozazs --> tozaz
1101220 --> 1101220
2719166 --> 2719166
689oc --> Your
igeisslco --> igeisslco
nunieo --> nunieo
labenan --> labenan
tabes --> lost
yosadey --> yosadey
sngyans --> sngyans
pyongi --> Gratitude
cleanerislaunderers --> cleanerislaunderers
sixwineseight --> sixwineseight
wwwsineseight --> wwwsineseight
sucorusin --> sucorusin
bizsdb --> bizsdb
12vooo --> 12vooo
schumacier --> Schumacier
schoss --> shot
nonneas --> nonneas
ovehrient --> ovehrient
70374404 --> 70374404
eestedecting --> eestedecting
e2599 --> Privatize
oroeusiness --> oroeusiness
closingiourdosale --> closingiourdosale
piiarmacy --> piiarmacy
homsuwon --> homsuwon
srtcl --> srtcl
6r61z6 --> 6r61z6
wathebunghole --> She said
lunghole --> lunghole
5549 --> 5549
laundrettens --> laundrettens
nipiccomtlola --> npicoclola
scurf --> scurf
rastta --> rastta
duntiger --> duntiger
ocaooa --> is
aunderatts --> aunderatts
seandusst --> Seandusst
unsotue --> unsotue
breakfastluchdinner --> breakfastluchdinner
wlinineuitable --> wlinineuitable
copyeota --> copyeota
moagnyu --> Moagnyu
eppetier --> eppetier
soracnol --> soracnol
martinizing --> martinizing
ivedout --> ivedout
stylecity --> stylecity
46608 --> 46608
42s6n --> 42s6n
julinteus --> julinus
nwanip --> sister
ishapshot --> ishapshot
jcwelry --> jcwelry
houmacy --> houmacy
somaicg --> somaicg
cdelco --> cdelco
tonitty --> tonitty
michaloulinveizone --> michaloulinveizone
sunstoulleg --> sunstoulleg
roesewi --> roesewi
wauwu --> Wa uwo
ducausst --> Ducusst
velikonocni --> Easter
199s --> 199 S.
nobkate --> nobble
sssoaes --> sssoaes
sunnmnn --> Sunnmn
postoficeun --> postoficeeun
6512 --> 6512
dreatgirls --> dreatgirls
mehanose --> mehanose
fveritting --> fveritting
steahouse --> steakhouse
cauwells --> Cauwells
freembos --> Freembos
ltatony --> ltatony
ixchan --> ixchan
sonclhing --> sonclhing
thisitworld --> thisitworld
wnradtripmemriescom --> wnradtripmemriescom
oancobzlon --> Oankovzlon
ahothsilioke --> ahhothsilioke
tesphethoes --> tesphethoes
nosdwide --> nosdwide
unavliele --> unavliele
haacut --> haacut
mwsirated --> mwsirated
siconohand --> siconohand
tslgfi --> tslgfi
toboo7 --> Disclose
penelopes --> Penelope
21620 --> 21620
9r1z106 --> 9 t 1 g 106
counvustoie --> counvustie
tabacalers --> tabacalers
asteleria --> astray
tarbacos --> tarbacco
rgoomin --> rgoomin
onouals --> onouals
3199 --> 3199
6565 --> 6565
esti830 --> ESTI830
drycleaners --> drycleaners
jutebug --> jutebug
marchonhepenss --> marchonhepenss
torcdeaneb --> torcdeaneb
bluebid --> bluebird
huontefchahelb --> huontefchahelb
shnwiete --> shnwiete
slyiterj --> slyiterj
notuhirt --> notuhit
cobbeasll --> cobbeasll
darifeling --> darifeling
cocouniry --> cocouniry
pharmaticy --> pharmaticy
gluseppe --> giuseppe
aujfeu --> aujfeu
januno --> Know
telo811577167 --> Obligation 11577167
draschr --> drum
furruerse --> furruerse
shoerepair --> shoe repair
8157 --> 8157
bookgnders --> bookgnders
3850440 --> 3850440
riwerdae --> riwerdae
brodiwiay --> brodiwiay
eslacademia --> eslacademia
oldimet --> oldimet
photopnarwal --> photopnarwal
fedeshon --> Feder
inadwance --> inadwance
steakeouse --> steakeouse
steakhiouse --> steakhouse
russen --> Russians
uculun --> flying
7225 --> 7225
f195 --> P 195
bunghole --> bunghole
funalhes --> funalhes
casxonty --> casxonty
dereorinc --> dereorinc
esadoals --> esadoals
dnuiliri --> sampler
falerilale --> Faler Isal
ldecomputer --> ldecomputer
annopous --> nanny
5185 --> 5185
sciencefiction --> science fiction
cettceel --> cettceel
ipharmacy --> ipharmacy
20077 --> 20077
4995 --> 4995
andaluoamacen --> Andaluoamacen
adunkce --> assembly
sidentlan --> sidentlan
laxzatzn --> laxzatzn
cousarr --> cousarr
ccpuan --> ccpuan
sorduno --> you asked
saiobg --> saiobg
oaccessores --> oaccessores
trigone --> trigone
coffeshop --> coffee shop
nypizza --> nypizza
ystafell --> room
llanrust --> lanrust
gochuam --> GoCho
downtonn --> downtonn
0800116 --> 0800116
rohans --> Rohans
capotes --> condoms
papapharmage --> papapharmage
paraphariaae --> paraphariaae
0310512007 --> 0310512007
bowmanse --> bowmanse
loydbtz004 --> loydbtz004
spiderhanz --> spiderhanz
1o30 --> 1o30
inhestug --> Increase
qualitizing --> qualitizing
drycleaning --> drycleaning
parasuco --> puddle
pauliges --> Pauliges
oublie --> forget
grzuub --> Grizub
nnemnd --> nnemnd
957710 --> 957710
wmnshutterstocke --> wmnshutterstocke
acaniey --> acaniey
ownfview --> ownfview
goldinamins --> goldinamins
0143zm --> 0143zm
oleate --> oleate
talahosseecom --> talahoseecom
ocauea --> ocauea
slrbucks --> slrbucks
j089 --> j089
osat008 --> OSAT008
iohnmarshphotograny --> iohnmarshphotograny
catsburg --> catsburg
moneyordert --> moneyordert
zbompge --> Zbompge
saligrass --> saligrass
onkideel --> expatriate
bunghole --> bunghole
oleate --> oleate
tertote --> tertote
isitnls --> isitnls
afcarls --> afcarls
02z006 --> 02z006
lawnequipment --> lawnequipment
ysmnr --> ysmnr
wentnousn --> wentnousn
cauftld --> cauftld
lastexit --> lastexit
lilollian --> lilollian
kidstage --> kidstage
martinizing --> martinizing
ircerees --> ircerees
acereshly --> acereshly
bontonbeach --> bontonbeach
xugstont --> xugstont
lspreso --> lspreso
dreurckhardt --> dreurckhardt
getouthudsoncom --> getouthudsoncom
uvsinong --> uvsinong
aaseeall --> aaseeall
dites --> say
lmlshin --> lmlshin
laundromai --> laundromai
rustques --> rusques
madowview --> madowview
stranskys --> stranskys
getouthudsoncom --> getouthudsoncom
reenbrier --> reenbrier
ishegtel --> is icegtel
ovlosigce --> sheepdogs
8702 --> 8702
setemiglg --> Setemiglg
s150 --> s150
giuffrid --> gustrid
drinnwell --> drinnwell
5507 --> 5507
gebiusaa --> completely
tetooee --> tetooee
wwwsthecigancouk --> wwwsthecigancouk
1511212007 --> 1511212007
89104 --> 89104
t02734palm --> t02734palm
7347256 --> 7347256
beblacry --> beblacry
willnoomows --> willnoomows
sfalconang --> sfalconang
drycleaners --> drycleaners
photoelats --> photoelats
garslinal --> garslinal
195lc --> 195lc
99s0 --> 99 x 0
euer --> euer
muco --> MUCO
adaccas --> adaccas
fuckylons --> fuckylons
lotdinks --> lotdinks
daviesjones --> Daviesjones
sanowton --> sanowton
ewiview --> ewiview
salzbrezel --> salzbrezel
otumpoe --> otumpoe
014056 --> 014056
regdnodlils6e --> regdnodlils6e
santuhen --> SEMEN
yooloxen --> yooloxen
idnegam --> I idnemam
gmsteakhouse --> gmsteakhouse
81910 --> 81910
beilelo --> gadget
bbstomcom --> bbstomcom
212812008 --> 212812008
microroastery --> microroastery
2034531029 --> 2034531029
whitield --> whitield
cosvellence --> cosvellence
3399 --> 3399
groceites --> graceite
926465 --> 926465
cieulee --> Cielee
lotzskys --> lotzskys
neuglarsbakey --> neuglarsbakey
gltoutudsoncom --> gltoutudsoncom
thepoint --> thepoint
esiwood --> ocean
heborhood --> heborhood
thelifepho --> thelifepho
tograpnycom --> Tografnycom
cephetorply --> cephetorply
wufains --> wufains
dowtonn --> dowtonn
uncorneredmarket --> Uncorneredmarket
twialantongst --> twialantongst
inninenting --> inninenting
homceopathics --> homceopathics
auaerrs --> auaerrs
pineropen --> pineropen
arlsberg --> arlsberg
woesood --> woesood
aposza --> Aposa
coepenecha --> Coepenecha
0599 --> 0599
2577 --> 2577
9762 --> 9762
hilarys --> hillarys
chilanis --> Hilan
erultuale --> Erular
dubreakest --> dubreakest
erenices --> erenices
cl59967 --> Summary
getouthudsoncom --> getouthudsoncom
fanilitaw --> fanitaw
oastsasoo --> OASTSAS
ueotei --> Body
burereeint --> Burereeint
bacarne --> bacarne
darktkinicht --> intact
pnodio --> pnodio
pharmaca --> Pharmaca
howardjohnsons --> howardjohnsons
ananenincs --> ananenincs
2cnaoo --> 2cnaoo
hackeerry --> hackeerry
murdotes --> Murdetos
ssllstied --> ssllstied
cupcakess --> cupcakes
bndbtolln --> Bndbtolln
turaconsts --> turaconsts
vesico --> vesico
pizizierla --> pizizierla
paghetits --> paghetits
haamaabr --> Hamarbar
mountpean --> mountpean
outbacc --> outbacc
ciohuek --> Ciohar
cvstphars --> cvstphars
oirelrian --> Outlrian
galouen --> galouen
faiortjs --> Faiore
anfodartan --> anfodartan
chekoun --> Complain
tnabban --> tnab
nwconales --> nwconales
dmentbead --> dmentbead
beapeaht --> Beapeaht
gyaheninebookshot --> gyaheninebookshot
grovpoonn --> grovpoonn
offlicence --> off licence
fruceen --> fruceen
frebakery --> frebakery
10125 --> 10125
raspbern --> raspbern
ccocemuet --> ccocemuet
1s10 --> 1S10
ghaonions --> Gaens
urmaels --> urmaels
unnuedeauns --> unnuedeauns
anunsilinsinl --> anunsinsinl
uunntt --> sleep
antiouarian --> antiouarian
aesrhan --> aesrhan
shikanys --> shikanys
28300 --> 28300
shanchal --> shanchal
laundrg --> laundry
vcryomel --> vcryomel
8201 --> 8201
schooline --> schooline
undecon --> undecon
nates --> nates
hadn --> hadn
dryfold --> drive
achoeoccs --> achoeoccs
bunghole --> bunghole
wwwahebunghole --> wwwahebunghole
64513250 --> 64513250
imfonter --> imfonter
philvassar --> Philosophy
goloety --> Houses
9989830 --> 9989830
aeenecons --> aeenecons
bramasole --> bramasole
21a0502 --> 21a0502
broncoluy --> broncoluy
wslarsen --> Wslarsen
bookseliers --> bookseliers
snopigoe --> snopigoe
01407 --> 01407
nictasche --> pag
5805 --> 5805
snumaes --> snumaes
nurotsn --> nurotsn
silanor --> silanor
claudeite --> claudeite
phethau --> things
llyfrau --> books
collectabls --> collectables
secondiand --> secondiand
assnlztos --> assnlztos
3456 --> 3456
fatboys --> fatboys
9469 --> 9469
plariangy --> plariangy
argaritas --> ARGARITON
patkdcon --> patkdcon
trststor --> trststor
dnistcio --> dnistcio
planetacurioso --> planeta curioso
124829 --> 124829
meritnston --> meritnston
restobal --> restobal
6235 --> 6235
dedeoled --> dedeoled
8aad6 --> 8aad6
howardbeachcom --> howardbeachcom
sligebred --> sligebred
deterszoon --> deterszoon
scicod --> scicod
coenscliool --> coenscliool
cateeli --> cateeli
adonlinc --> adonlink
vrescrimtons --> vrescrimtons
wwwroddyschee --> wwwroddyschee
ectionery --> ectionery
stotoee --> In the
tisazos6s --> tisazos6s
psprod --> psprod
trindai --> trindai
quimic --> Quimic
cnutntma --> cnutntma
descdunts --> descdunts
uerofas --> uerofas
jaibonee --> Jiboni
collenics --> collenics
11at26 --> 11at26
ojricao --> Oh today
jiricano --> jiricano
edgiemer --> edgiemer
9042 --> 9042
pysaa --> stick
aunomcales --> aunomcales
4409 --> 4409
littios --> Littios
ayinbeks --> ayinbeks
cheelios --> cheelios
chsgaeiere --> chsgaeiere
empewo --> wind
lanecowe --> Lanec
wnlagencears --> wnlagencears
casisoayes --> casisoayes
ll11aiz005 --> ll11aiz005
acetatis --> acetatis
eeycna --> eeycna
baborshop --> baborshop
bcncong --> bcncong
ncsradrans --> ncsradrants
nistodunr --> Nistodunr
5161 --> 5161
ssertaurant --> ssertaurant
jobtz005 --> jobtz005
apoletanl --> Apoletland
leppole --> Leppole
gusepp --> gusepp
rennha --> lady
diflucas --> diflucas
tetanic --> tetanic
renbog --> Renbog
muliepurpose --> muliepurpose
8063121 --> 8063121
junflonc --> junflonc
2266 --> 2266
bocksins --> bocksins
ziotatt --> ziotatt
wwwsorb --> wwwsorb
tnetdne --> tnetdne
01702 --> 01702
432531 --> 432531
cabeleretion --> cabeleretion
pestraet --> pestraet
destcront --> fate
cablehbocoffee --> cablehbocoffee
ternican --> ternican
blueplate --> blueplate
sekhios --> sekhios
nzu3if --> Remove
thereverthere --> thereverthere
tnolonl --> ailol
edwhiteblue --> edwhiteblue
connaughr --> connaughr
ominmag --> ominmag
7036 --> 7036
6373 --> 6373
19s1 --> 19s1
nintagchousecouk --> nintagchousecouk
coffeemouse --> coffeemouse
bisutera --> Screw temple
plateria --> plateria
maroouerla --> Maroerla
telefona --> telephone
ordenadores --> orders
rimenralk --> rimenralk
drbiggs --> drbiggs
thegood --> thegood
postottice --> percentage
crofessionvg --> crofessionvg
omlioul --> Bored
8760 --> 8760
skoobaox --> skoobaox
60s800 --> 60s800
218051 --> 218051
ouromn --> ouromn
ereehbostarl --> ereehbostarl
0115515fm --> 0115515fm
unavliele --> unavliele
lipoid --> lipoid
phildillion --> phildillion
uuolunen --> Wallonian
conentionees --> conentionees
ssanshop --> ssanshop
flanagans --> flanagans
exwilive --> exwilive
sloboggats --> sloboggats
rolsaeread --> rolsaeread
brenpan --> brenpan
scholouse --> scholouse
mbershis --> mbershis
1s12 --> 1s12
yotwsn --> yotus
bouleoud --> bouleoud
zagatsurvey --> zagatsurvey
owaread --> owaread
sdllonor --> sdllonor
petoshod --> petoshod
3885347 --> 3885347
cttrstn --> cttrstn
barceiocia --> Barcenia
botteson --> bootson
pubieig --> Pubgy
premienea --> Premiera
gambincs --> gambincs
01702 --> 01702
432531 --> 432531
cineflas --> cineflas
schmliaits --> schmliaits
heinekon --> Fence cat
ovcrursn --> Ovcrursn
lsteeine --> lsteeine
mclnyre --> mclnyre
henrichsens --> henrichsens
olcrine --> olcrine
duphones --> duphones
saligrass --> saligrass
inemascd --> inemascd
nntonwserseyorg --> nntonwserseyorg
marlboi --> marlboi
carrseton --> carrseton
zzozc --> ZZOZC
201z064 --> 201Z064
coadahountaun --> coadahountaun
odetehioned --> odetehioned
siscraphy --> siscraphy
ounthams --> ounthams
71696505s --> 71696505 S.
ccacola --> ccacola
doeleres --> goalkeeper
olalolus --> Olaldus
pyherea --> pyherea
calznrossi --> Calznrossi
bostnane --> Bostnane
lsbuicherscon --> lsbuicherscon
cleallig --> cleallig
cicaners --> cicaners
cksiaed --> cksia garden
cokeshes --> cokeshes
camerastoos --> camerastoos
6o24 --> 6o24
tskkkag --> tskkkag
19o0 --> 19o0
bersipp --> Censure
huangtingh --> Huang Tinghui
copynghtozo --> copynghtozo
souyenrs --> Souyenrs
8211593 --> 8211593
micaville --> micaville
antiodevillage --> antiodevillage
magortium --> magortium
onzales --> elevated
coorricies --> coorricies
boushiesoul --> boushiesoul
comstocks --> comstocks
petsbirds --> petsbirds
420745 --> 420745
greltoni --> greltoni
cetounudsoncom --> cetounudsoncom
esucers --> esucers
fizzaland --> fizzand
lizalad --> lizalad
snasoeo --> snasoeo
pnzeria --> pnzeria
kinnoso --> Golden
suikerbosch --> sugary
ndalui --> N large amounts of UI
asminlee --> asminlee
deltltel --> deltetel
ety --> ety
bluntlding --> bluntlding
lanesdone --> lanesdone
riverviev --> riverviev
apotheke --> pharmacy
nantater --> nantater
eanclaude --> eanclaude
oysiers --> oysiers
japonais --> Japanese
jalcones --> Jalcones
momanelality --> momanelality
hsdccet --> hsdccet
worlosttes --> worlosttes
moositar --> jam
ddc95 --> ddc95
peculoos --> peculoos
fi990 --> Feis 0
f1980 --> f1980
bellfloner --> bellfloner
stjacobsoill --> Stjacobsoill
usrrase --> usrrase
drdavidk --> bunny
erederio --> erardio
rotenhocee --> rotenhocee
sclfsonee --> sclfsonee
cintplous --> cintplous
nates --> nates
menrunoea --> memorial
mumefons --> mumefons
6086 --> 6086
9112106 --> 9112106
thesline --> thesline
uduonent --> sealine
zwordplay --> zwordplay
wwoadrimniesco --> wwoadrimniesco
s2100 --> s2100
pinateologe --> Pinateologe
nkhekt --> Scrutiny
xakibaches --> xakibaches
tsfreeck --> tsfreeck
dwive --> dwive
wildroot --> wildroot
bnlhn --> bnlhn
bunghole --> bunghole
uhlkiln --> uhlkiln
steakhouss --> steakhouse
12129 --> 12129
phrmuacy --> phrmuacy
atuarlun --> atuarlun
sharesrare --> sharesrare
kricorians --> kricorians
110b --> 110b
dterpeies --> dterpies
shophfountan --> shophfountan
helenhnewberry --> helenhnewberry
danketlquors --> danketlquors
alicouney --> alicouney
cachets --> storage
handsboro --> handsboro
eursalon --> eursalon
sandnichles --> Sandnichles
pubes --> pubes
bollaghers --> bollaghers
funeralhom --> funeral home
bachereah --> bachereah
rnerkandite --> rnecans
zhulong --> Pork cage
roacvelt --> roacvel
ralllager --> rally
onalersl --> onalersl
rmteapric --> rmteapric
bintuts --> bintuts
kingnuud --> ghost
colorcalen --> colorcalen
drookie --> Drookie
louipio --> lup
prosielo --> accession
untofchahel --> untofchahel
npmpoahy --> npmpoahy
npoaykm --> NPOAKM
acwabahe --> comply
siazaa --> I do not give birth
macmacanka --> sweets
shabeeles --> the Shabelle
onelolin --> Oneelolin
ormsiong --> ormion
cornisin --> cornisin
aomemade --> aomemade
tzotepawn --> Jotepon
7817249615 --> 7817249615
umchcoumler --> umchcoumler
schvabi --> closure
donerniping --> donerniping
abeslop --> abeslop
shmsung --> samsung
zanettts --> zanettts
allkinds --> all -child
azeasem --> Azeas
grzodb --> Grzljob
gialiot --> Gialiot
carious --> carious
aael600 --> aael600
tiai30 --> tiai30
sboucase --> sboucase
haulrdasher --> haulrdasher
bokhandeln --> The bookstore
rostovs --> Rostov
vouropl --> vouropl
inilruildic --> inilruildic
nddailycom --> NDDAIYOM
icceti --> Icceti
thefunltimesguide --> thefunltimesguide
sudopore --> southopore
071712006 --> 071712006
cofeeesmor --> cofeeesmor
gontahat --> Got
erlooo --> erlooo
ozeezios --> ozeezios
suenaets --> suenaets
petshop --> petshop
29gghs --> 29gghs
ovorerus --> ovorerus
dusaate --> shower
fanroscom --> fanroscom
undveisty --> Endweists
oightstory --> oightstory
0613012007 --> 0613012007
eeonar --> eeonar
inontinien --> unbeat
ntduarlian --> ntduarlian
getouithudsoncom --> getouithudsoncom
concotorte --> covenant
catuedrn --> catuedrn
cathulal --> cathula
gnshola --> gnshola
mbeatagot --> mbeatagot
heetngos --> heetngos
vesabox --> vesabox
poloass --> Postical set
catineasict --> catineasict
uunhll --> uunhll
outofprint --> outofprint
glizallng --> glizallng
seeclalt --> seeclalt
ainmogan --> notes
tnazzi --> tnazzi
logtoo --> logtoo
greenauto --> greenauto
szoezoen --> szoezoen
diiasr --> diiasr
saanooe --> saayae
glissmann --> glissmann
aulsebrooks --> aulsebrooks
getouithudsoncom --> getouithudsoncom
pharnacy --> pharmacy
antbiotics --> antibiotics
drycleaners --> drycleaners
breaeasttnnch --> Breastnch
colnsrbay --> colnsrbay
siwnose --> Zione
upechrens --> upechrens
seconahand --> seconahand
riatla --> Riatla
pharmaca --> Pharmaca
mancinis --> Mancinus
openzahrs --> openzahrs
haicuts --> haircuts
canatinaees --> canatinaees
watersiones --> watersiones
vicrcn --> vicrcn
imnlos --> imnlos
nobohont --> and Bohont
stylecuts --> stylecuts
sz50 --> sz50
colorfest --> colorfest
mlecine --> mlecine
phakiviacy --> phakiviacy
barbersho --> barbershop
drogerie --> drugstore
rourzane --> Rozer
qcbgn --> qcbgn
jewelryeloan --> jewelryeloan
aiscnts --> aiscnts
ptpzera --> ptpzera
c2008 --> c2008
uninvnd --> uninvnd
gloryprod --> gloryprod
horonhearsamho --> horonhearsamho
simcarre --> simcarre
eautsupply --> eautsupply
tradmonal --> tradmonal
mickeres --> mickeres
ptzzanero --> ptzzanero
5507 --> 5507
5514 --> 5514
tvvcrs --> tvvcrs
shopwash --> shopwash
nutchacted --> nutchacted
wwwapplemm --> wwwapplemm
oenono --> Ending
solantal --> Solantal
teakhouse --> teakhouse
lonchorn --> lonchorn
sutcetamine --> sutcetamine
suitsetamine --> smoking
wintermans --> wintermans
suntselanine --> suntselanine
redewhite --> redewhite
mossronc --> mossronc
usslanog --> Swear
leclenacl --> leclenacl
fimaslidd --> mimaslidd
ososericoen --> ososericoen
chutneysesisns --> chutneysesisns
0110112005 --> 0110112005
ddoecble --> ddoecble
sunalananwons --> sunalananwons
ilallwora --> Ilallwora
angio --> angio
sonecuna --> SONCUNA
eeuillul --> eeuillul
mcnarienoore --> mcnarienoore
2126149794 --> 2126149794
shakestcane --> shakestcane
antuouartan --> Inter
getouthudsoncom --> getouthudsoncom
4514 --> 4514
phtplitenenanaden --> Phtplitenanaden
dynia --> pumpkin
ovisionthingg --> ovisionthingg
borderscouk --> borderscouk
darultes --> darultes
hurdtar --> Hurtar
rscaawoy --> rscaawoy
piscaitaway --> piscataway
rwnshr --> rwnshr
wwwfantongcom --> wwwfantongcom
49698a9 --> 49698 AR
coagula --> coagulate
meakhouse --> meakhouse
choclaelols --> choclaelols
organicllow --> organicllow
blueberny --> blueberny
s280 --> S280
motoritor --> motoritor
s200 --> s200
nrncedschol --> nrncedschol
plarmymedicing --> plarmymedicing
nichume --> flourish
codraldatimenightimn --> codraldatimenightimn
pharnac --> pharnac
cowteolied --> cowteolied
imlomler --> imlomler
saiellmen --> Sayiellmen
herboristerie --> herbalism
calhedbale --> Calhedbale
wunesbeer --> wunesbeer
uloonlleg --> uloonlleg
sanfrangisco --> San Frangisco
ducimles --> ducimles
prieelet --> arbor
fortmovie --> fortmovie
8522900 --> 8522900
piatliay --> piatliay
mancarot --> mancarot
2661284 --> 2661284
zistmav --> Zastmav
sudnserwice --> sudnserwice
mofesswl --> mofesswl
joitmate --> somehow
etshas --> Etshas
ramastobak --> Ramastoba
countrystored --> countrystored
farwestl --> farwestl
9120b --> 9120 b
5031 --> 5031
osteo --> osteo
cloamers --> cloamers
pressmic --> pressmic
lainory --> lainory
cleanfia --> cleanfia
beacisior --> beacisior
ebalfurd --> Ebalfurd
budweises --> budweises
baokshe --> baokshe
2007104118 --> 2007104118
tcetstoralle --> tcetstoralle
2124316560 --> 2124316560
